01/09/2021 09:00,Chesterfield,Joshua Conner,"Regular Latte - 2.15, Regular Latte - 2.15, Large Latte - 2.45",6.75,CASH,
01/09/2021 09:02,Chesterfield,Sandra Gray,"Large Flavoured latte - Hazelnut - 2.85, Regular Flavoured iced latte - Hazelnut - 2.75, Large Flavoured iced latte - Hazelnut - 3.25",8.85,CARD,5465107415367753
01/09/2021 09:04,Chesterfield,Marcelina Walton,"Regular Flavoured iced latte - Caramel - 2.75, Regular Flavoured iced latte - Hazelnut - 2.75, Large Latte - 2.45, Large Flavoured latte - Hazelnut - 2.85",10.8,CARD,2936575475156683
01/09/2021 09:06,Chesterfield,Rafael Cooper,"Large Flat white - 2.45, Regular Flat white - 2.15, Regular Flavoured iced latte - Hazelnut - 2.75",7.35,CARD,1462832275155163
01/09/2021 09:08,Chesterfield,Annie Jordan,Large Flavoured latte - Hazelnut - 2.85,2.85,CASH,
01/09/2021 09:10,Chesterfield,Robert Shelton,"Regular Flavoured latte - Hazelnut - 2.55, Regular Flavoured iced latte - Hazelnut - 2.75, Regular Flat white - 2.15, Large Flavoured iced latte - Vanilla - 3.25, Regular Flavoured iced latte - Hazelnut - 2.75",13.45,CASH,
01/09/2021 09:12,Chesterfield,Thomas Mazzone,Large Flavoured latte - Hazelnut - 2.85,2.85,CARD,6940982726589005
01/09/2021 09:14,Chesterfield,Margaret Guzman,"Regular Flavoured iced latte - Caramel - 2.75, Regular Flat white - 2.15, Large Flavoured iced latte - Hazelnut - 3.25, Regular Flavoured iced latte - Vanilla - 2.75, Large Flavoured iced latte - Hazelnut - 3.25",14.15,CARD,5041800436291892
01/09/2021 09:17,Chesterfield,Nichol Peeples,"Regular Flavoured iced latte - Vanilla - 2.75, Regular Latte - 2.15, Regular Flavoured latte - Hazelnut - 2.55, Regular Flavoured iced latte - Hazelnut - 2.75, Regular Flavoured iced latte - Vanilla - 2.75",12.95,CARD,2165533684689056
01/09/2021 09:19,Chesterfield,Benjamin Taylor,"Large Latte - 2.45, Regular Flavoured latte - Hazelnut - 2.55, Large Flat white - 2.45",7.45,CARD,2634673989530170
01/09/2021 09:21,Chesterfield,Janice Berg,"Regular Latte - 2.15, Large Flat white - 2.45",4.6,CARD,6888566646399759
01/09/2021 09:23,Chesterfield,Tyrone Smith,Regular Flavoured latte - Hazelnut - 2.55,2.55,CARD,9142743831347426
01/09/2021 09:25,Chesterfield,Evelyn Walker,"Regular Flat white - 2.15, Large Flat white - 2.45, Large Latte - 2.45, Regular Flavoured iced latte - Caramel - 2.75, Large Flavoured latte - Hazelnut - 2.85, Large Flavoured latte - Hazelnut - 2.85",15.5,CARD,8698506236117127
01/09/2021 09:27,Chesterfield,Ronald Lowe,"Large Latte - 2.45, Regular Latte - 2.15",4.6,CARD,1496488769592446
01/09/2021 09:29,Chesterfield,Harry Swanberg,"Regular Flavoured iced latte - Hazelnut - 2.75, Regular Flavoured iced latte - Caramel - 2.75",5.5,CARD,9330498638502264
01/09/2021 09:32,Chesterfield,Tasha Scott,"Large Latte - 2.45, Large Flavoured iced latte - Vanilla - 3.25, Regular Flavoured latte - Hazelnut - 2.55",8.25,CARD,3573720890648621
01/09/2021 09:34,Chesterfield,Doreen Hampton,"Large Flavoured iced latte - Hazelnut - 3.25, Large Flavoured latte - Hazelnut - 2.85, Large Flat white - 2.45",8.55,CASH,
01/09/2021 09:36,Chesterfield,Joseph Cormany,"Large Flat white - 2.45, Regular Latte - 2.15",4.6,CARD,7618540638469075
01/09/2021 09:38,Chesterfield,Joann Slocum,Large Flavoured iced latte - Vanilla - 3.25,3.25,CASH,
01/09/2021 09:40,Chesterfield,George England,"Large Flavoured latte - Hazelnut - 2.85, Regular Latte - 2.15, Large Flavoured iced latte - Hazelnut - 3.25",8.25,CARD,2461864962089364
01/09/2021 09:42,Chesterfield,Anna Long,"Regular Flavoured iced latte - Hazelnut - 2.75, Large Flavoured iced latte - Hazelnut - 3.25",6.0,CARD,8543321873367097
01/09/2021 09:44,Chesterfield,Monica Weitz,"Large Flat white - 2.45, Large Flavoured iced latte - Vanilla - 3.25, Regular Flavoured latte - Hazelnut - 2.55, Regular Latte - 2.15, Large Flavoured iced latte - Caramel - 3.25",13.65,CARD,1624585080240539
01/09/2021 09:46,Chesterfield,Tommy Chirino,"Regular Flavoured latte - Hazelnut - 2.55, Regular Latte - 2.15, Large Flavoured latte - Hazelnut - 2.85",7.55,CASH,
01/09/2021 09:49,Chesterfield,Otis Lakey,Regular Flavoured iced latte - Vanilla - 2.75,2.75,CARD,1170871685076767
01/09/2021 09:51,Chesterfield,Mack Coppock,"Regular Flat white - 2.15, Large Flat white - 2.45",4.6,CARD,5226393441819041
01/09/2021 09:53,Chesterfield,Juan Brothers,Regular Flavoured iced latte - Hazelnut - 2.75,2.75,CARD,4836129017187747
01/09/2021 09:55,Chesterfield,Cindy Kinzer,"Regular Latte - 2.15, Regular Flavoured iced latte - Hazelnut - 2.75, Large Flavoured iced latte - Vanilla - 3.25, Regular Flavoured iced latte - Vanilla - 2.75, Regular Flavoured iced latte - Hazelnut - 2.75",13.65,CARD,7064141887283714
01/09/2021 09:57,Chesterfield,Dana Finger,"Regular Flavoured iced latte - Hazelnut - 2.75, Large Flavoured latte - Hazelnut - 2.85, Large Flavoured iced latte - Caramel - 3.25, Large Flat white - 2.45, Regular Flavoured iced latte - Hazelnut - 2.75",14.05,CASH,
01/09/2021 09:59,Chesterfield,Richard Hetzler,"Large Flavoured iced latte - Hazelnut - 3.25, Regular Flavoured iced latte - Caramel - 2.75, Large Flavoured iced latte - Hazelnut - 3.25, Large Flavoured latte - Hazelnut - 2.85",12.1,CARD,4435976133761296
01/09/2021 10:01,Chesterfield,William Lawlor,"Large Latte - 2.45, Large Flavoured iced latte - Caramel - 3.25, Large Flavoured iced latte - Caramel - 3.25, Regular Latte - 2.15, Large Flavoured iced latte - Caramel - 3.25",14.35,CARD,9848970181118773
01/09/2021 10:02,Chesterfield,Joe Hansen,"Large Flavoured latte - Hazelnut - 2.85, Large Flavoured latte - Hazelnut - 2.85, Regular Flavoured latte - Hazelnut - 2.55, Regular Flavoured iced latte - Hazelnut - 2.75, Regular Latte - 2.15, Regular Flat white - 2.15",15.3,CASH,
01/09/2021 10:03,Chesterfield,Jenny Ocegueda,"Regular Flavoured iced latte - Hazelnut - 2.75, Large Flavoured iced latte - Vanilla - 3.25, Large Flat white - 2.45, Regular Latte - 2.15, Large Flavoured iced latte - Hazelnut - 3.25",13.85,CASH,
01/09/2021 10:04,Chesterfield,Thomas Hutchison,"Regular Flat white - 2.15, Regular Flavoured iced latte - Hazelnut - 2.75",4.9,CARD,2545653197747419
01/09/2021 10:05,Chesterfield,Manuel Vang,"Large Flavoured iced latte - Hazelnut - 3.25, Large Flavoured latte - Hazelnut - 2.85, Regular Latte - 2.15, Regular Latte - 2.15, Regular Flavoured iced latte - Caramel - 2.75, Large Flat white - 2.45",15.6,CARD,6454206274489795
01/09/2021 10:06,Chesterfield,Mae Frey,"Regular Flavoured iced latte - Hazelnut - 2.75, Large Flavoured latte - Hazelnut - 2.85",5.6,CASH,
01/09/2021 10:07,Chesterfield,Eric Mead,Large Flat white - 2.45,2.45,CARD,5995742080819478
01/09/2021 10:08,Chesterfield,James Herrera,"Large Flat white - 2.45, Regular Flat white - 2.15, Regular Flavoured iced latte - Hazelnut - 2.75, Large Flat white - 2.45, Regular Flat white - 2.15, Large Flavoured latte - Hazelnut - 2.85",14.8,CASH,
01/09/2021 10:09,Chesterfield,Mary Bryant,"Large Latte - 2.45, Large Flavoured iced latte - Hazelnut - 3.25, Large Flavoured iced latte - Vanilla - 3.25",8.95,CARD,2410116083502211
01/09/2021 10:10,Chesterfield,Bobby Kalina,"Large Flavoured latte - Hazelnut - 2.85, Large Flat white - 2.45, Regular Flavoured iced latte - Hazelnut - 2.75",8.05,CARD,1724010815284216
01/09/2021 10:11,Chesterfield,Robert Mummey,"Regular Flat white - 2.15, Large Flavoured iced latte - Caramel - 3.25",5.4,CARD,2989707020174878
01/09/2021 10:12,Chesterfield,Nancy Johnson,"Large Flat white - 2.45, Regular Latte - 2.15",4.6,CASH,
01/09/2021 10:13,Chesterfield,Laura Kane,"Regular Flavoured iced latte - Caramel - 2.75, Regular Latte - 2.15, Regular Latte - 2.15, Large Flavoured iced latte - Caramel - 3.25",10.3,CARD,7320245659273169
01/09/2021 10:14,Chesterfield,Anthony Smith,"Regular Flavoured iced latte - Hazelnut - 2.75, Large Flavoured latte - Hazelnut - 2.85, Large Flavoured iced latte - Caramel - 3.25",8.85,CARD,8162928898531195
01/09/2021 10:15,Chesterfield,Mildred Kagawa,Large Flavoured iced latte - Hazelnut - 3.25,3.25,CARD,8192214633390675
01/09/2021 10:16,Chesterfield,Robert Nichols,"Regular Flat white - 2.15, Regular Flavoured iced latte - Caramel - 2.75, Large Flavoured latte - Hazelnut - 2.85, Regular Flavoured iced latte - Hazelnut - 2.75",10.5,CARD,5868181371282182
01/09/2021 10:17,Chesterfield,Erin Ross,Large Flavoured iced latte - Caramel - 3.25,3.25,CARD,4484493175351458
01/09/2021 10:18,Chesterfield,Marjorie Ake,"Large Flavoured iced latte - Hazelnut - 3.25, Large Flavoured iced latte - Hazelnut - 3.25, Regular Flat white - 2.15",8.65,CASH,
01/09/2021 10:19,Chesterfield,Shannon Copley,Large Latte - 2.45,2.45,CARD,1404460320109047
01/09/2021 10:20,Chesterfield,Jennifer Hale,"Large Flat white - 2.45, Regular Flavoured iced latte - Hazelnut - 2.75",5.2,CARD,8485771632592197
01/09/2021 10:21,Chesterfield,Leila Kelley,"Large Flavoured iced latte - Vanilla - 3.25, Large Flavoured latte - Hazelnut - 2.85",6.1,CARD,1120478739569911
01/09/2021 10:22,Chesterfield,Nikita Hinson,Large Flavoured latte - Hazelnut - 2.85,2.85,CARD,1544652787090216
01/09/2021 10:23,Chesterfield,Rueben Howerton,"Large Flavoured iced latte - Caramel - 3.25, Large Flavoured iced latte - Caramel - 3.25",6.5,CARD,8073336103356810
01/09/2021 10:24,Chesterfield,George Davis,"Large Flavoured iced latte - Caramel - 3.25, Large Flat white - 2.45",5.7,CARD,8730347132024998
01/09/2021 10:25,Chesterfield,Susan Lim,Regular Flavoured iced latte - Hazelnut - 2.75,2.75,CARD,7999848806470927
01/09/2021 10:26,Chesterfield,Cora Draper,"Regular Flavoured iced latte - Hazelnut - 2.75, Large Flavoured iced latte - Vanilla - 3.25",6.0,CASH,
01/09/2021 10:27,Chesterfield,Bernice Morrow,"Regular Flat white - 2.15, Regular Flat white - 2.15, Large Flavoured iced latte - Vanilla - 3.25",7.55,CARD,9992692340859118
01/09/2021 10:27,Chesterfield,Amanda Jenkins,"Regular Flavoured iced latte - Hazelnut - 2.75, Large Flavoured iced latte - Vanilla - 3.25, Large Flat white - 2.45",8.45,CARD,3185894421058808
01/09/2021 10:28,Chesterfield,Glenda Crawford,Regular Flavoured latte - Hazelnut - 2.55,2.55,CARD,3737446709847348
01/09/2021 10:29,Chesterfield,Charles Flores,Large Flavoured iced latte - Caramel - 3.25,3.25,CARD,4698098810469856
01/09/2021 10:30,Chesterfield,Michael Cohen,"Large Latte - 2.45, Regular Flat white - 2.15",4.6,CARD,7864694509268687
01/09/2021 10:31,Chesterfield,Amanda Perez,Regular Flavoured latte - Hazelnut - 2.55,2.55,CARD,6242063235245052
01/09/2021 10:32,Chesterfield,Larry Burris,Large Latte - 2.45,2.45,CARD,6631854397656809
01/09/2021 10:33,Chesterfield,Quinton Smith,"Regular Flavoured iced latte - Vanilla - 2.75, Regular Flavoured iced latte - Vanilla - 2.75, Large Flavoured latte - Hazelnut - 2.85",8.35,CASH,
01/09/2021 10:34,Chesterfield,Douglas Tinley,"Large Latte - 2.45, Regular Flavoured iced latte - Vanilla - 2.75",5.2,CASH,
01/09/2021 10:35,Chesterfield,Kenny Delucia,"Regular Flavoured iced latte - Hazelnut - 2.75, Large Flavoured latte - Hazelnut - 2.85, Large Flavoured latte - Hazelnut - 2.85, Regular Flavoured latte - Hazelnut - 2.55, Large Flavoured iced latte - Caramel - 3.25",14.25,CARD,8886926692546365
01/09/2021 10:36,Chesterfield,Tomiko Warfield,Large Flavoured iced latte - Hazelnut - 3.25,3.25,CARD,9432250505165050
01/09/2021 10:37,Chesterfield,John Hotalen,"Regular Flavoured iced latte - Vanilla - 2.75, Large Latte - 2.45, Large Flavoured iced latte - Hazelnut - 3.25, Large Flavoured iced latte - Hazelnut - 3.25",11.7,CASH,
01/09/2021 10:38,Chesterfield,Joanne Warnstaff,"Regular Latte - 2.15, Regular Flavoured iced latte - Vanilla - 2.75, Large Flavoured latte - Hazelnut - 2.85, Regular Flavoured iced latte - Vanilla - 2.75",10.5,CARD,7032988332531003
01/09/2021 10:39,Chesterfield,Antoinette Maclean,"Regular Latte - 2.15, Regular Flavoured latte - Hazelnut - 2.55",4.7,CARD,4257299348978983
01/09/2021 10:40,Chesterfield,Brenda Roos,"Large Flavoured latte - Hazelnut - 2.85, Regular Latte - 2.15, Large Flavoured latte - Hazelnut - 2.85",7.85,CARD,3135964810169655
01/09/2021 10:41,Chesterfield,Lois Barriere,"Regular Flavoured latte - Hazelnut - 2.55, Large Flavoured iced latte - Hazelnut - 3.25, Regular Latte - 2.15, Regular Flavoured iced latte - Hazelnut - 2.75",10.7,CARD,5568318695287963
01/09/2021 10:42,Chesterfield,Gregory Boutte,"Regular Flavoured latte - Hazelnut - 2.55, Large Flavoured latte - Hazelnut - 2.85",5.4,CASH,
01/09/2021 10:43,Chesterfield,Justin Jackson,"Large Flavoured latte - Hazelnut - 2.85, Regular Flat white - 2.15, Large Flat white - 2.45",7.45,CARD,3399363698526249
01/09/2021 10:44,Chesterfield,Sonya Lyons,"Large Latte - 2.45, Large Flavoured iced latte - Hazelnut - 3.25, Large Flavoured iced latte - Hazelnut - 3.25, Regular Latte - 2.15",11.1,CASH,
01/09/2021 10:45,Chesterfield,Barbara Kay,"Large Flavoured iced latte - Vanilla - 3.25, Regular Latte - 2.15",5.4,CARD,1060534792898719
01/09/2021 10:46,Chesterfield,Aimee Torres,Regular Latte - 2.15,2.15,CASH,
01/09/2021 10:47,Chesterfield,Debra Theriot,"Regular Flavoured iced latte - Hazelnut - 2.75, Regular Flavoured iced latte - Vanilla - 2.75",5.5,CARD,3538854579754790
01/09/2021 10:48,Chesterfield,Edith Bonita,"Large Latte - 2.45, Large Flat white - 2.45, Regular Flavoured latte - Hazelnut - 2.55, Regular Flavoured iced latte - Vanilla - 2.75",10.2,CARD,5591298515593512
01/09/2021 10:49,Chesterfield,Dorothy Head,"Large Flat white - 2.45, Large Flat white - 2.45",4.9,CARD,9791934562714744
01/09/2021 10:50,Chesterfield,Cleo Clopton,"Large Latte - 2.45, Regular Flavoured iced latte - Vanilla - 2.75, Large Flavoured iced latte - Hazelnut - 3.25, Regular Flat white - 2.15, Regular Flavoured iced latte - Caramel - 2.75",13.35,CARD,6174645469945599
01/09/2021 10:51,Chesterfield,Mattie Garcia,"Large Flavoured iced latte - Vanilla - 3.25, Regular Flavoured iced latte - Hazelnut - 2.75, Regular Flavoured iced latte - Vanilla - 2.75, Large Flavoured iced latte - Caramel - 3.25, Regular Latte - 2.15, Regular Flavoured iced latte - Vanilla - 2.75",16.9,CARD,6585739419394040
01/09/2021 10:52,Chesterfield,Robert Meinzer,"Large Flavoured iced latte - Hazelnut - 3.25, Large Flat white - 2.45, Large Flavoured iced latte - Caramel - 3.25, Large Flavoured iced latte - Caramel - 3.25",12.2,CARD,7500262711776132
01/09/2021 10:53,Chesterfield,Elsie Ouye,"Large Flat white - 2.45, Regular Flavoured iced latte - Hazelnut - 2.75",5.2,CARD,9833578932746167
01/09/2021 10:54,Chesterfield,Douglas Taylor,"Regular Latte - 2.15, Regular Latte - 2.15, Regular Flavoured latte - Hazelnut - 2.55, Regular Flavoured iced latte - Hazelnut - 2.75",9.6,CARD,3658759580505925
01/09/2021 10:55,Chesterfield,Summer Davis,"Large Latte - 2.45, Regular Flat white - 2.15",4.6,CARD,3014474805931208
01/09/2021 10:56,Chesterfield,Shirley Patrick,"Large Flavoured iced latte - Hazelnut - 3.25, Large Flat white - 2.45",5.7,CASH,
01/09/2021 10:56,Chesterfield,Maryellen Spencer,Regular Latte - 2.15,2.15,CARD,8340941257254711
01/09/2021 10:57,Chesterfield,Jay Conti,"Large Flavoured iced latte - Caramel - 3.25, Large Flat white - 2.45",5.7,CARD,5905634611599223
01/09/2021 10:58,Chesterfield,John Maclean,"Large Flavoured iced latte - Vanilla - 3.25, Large Flavoured iced latte - Hazelnut - 3.25, Regular Flavoured latte - Hazelnut - 2.55",9.05,CARD,4045012207161066
01/09/2021 10:59,Chesterfield,Patti Williams,"Large Flavoured iced latte - Vanilla - 3.25, Large Flavoured iced latte - Caramel - 3.25, Large Flavoured iced latte - Hazelnut - 3.25, Large Flavoured latte - Hazelnut - 2.85",12.6,CASH,
01/09/2021 11:00,Chesterfield,Paulette Chappell,"Regular Flavoured iced latte - Vanilla - 2.75, Large Flavoured iced latte - Vanilla - 3.25, Large Flavoured latte - Hazelnut - 2.85, Regular Flavoured latte - Hazelnut - 2.55",11.4,CARD,3933952737871840
01/09/2021 11:03,Chesterfield,John Kilgore,"Large Latte - 2.45, Regular Flavoured iced latte - Caramel - 2.75, Large Flavoured iced latte - Vanilla - 3.25",8.45,CARD,4411433293184755
01/09/2021 11:06,Chesterfield,Benjamin Smith,"Large Flavoured iced latte - Hazelnut - 3.25, Large Flavoured latte - Hazelnut - 2.85, Regular Latte - 2.15",8.25,CASH,
01/09/2021 11:08,Chesterfield,Harold Henschel,Regular Flavoured iced latte - Vanilla - 2.75,2.75,CARD,8278763610605695
01/09/2021 11:11,Chesterfield,Robin Oullette,"Large Latte - 2.45, Large Flavoured iced latte - Caramel - 3.25",5.7,CARD,5058584574972409
01/09/2021 11:13,Chesterfield,Mary Byrnes,Regular Flavoured iced latte - Vanilla - 2.75,2.75,CASH,
01/09/2021 11:16,Chesterfield,Ana Billups,"Regular Flat white - 2.15, Large Latte - 2.45, Large Flavoured latte - Hazelnut - 2.85, Large Flavoured latte - Hazelnut - 2.85, Large Flavoured iced latte - Vanilla - 3.25, Regular Flavoured iced latte - Vanilla - 2.75",16.3,CASH,
01/09/2021 11:19,Chesterfield,Steven Anderson,Large Latte - 2.45,2.45,CARD,2664094709455809
01/09/2021 11:21,Chesterfield,Esther Ford,"Large Flavoured iced latte - Caramel - 3.25, Regular Flavoured iced latte - Caramel - 2.75, Regular Flavoured latte - Hazelnut - 2.55",8.55,CARD,3826245163512468
01/09/2021 11:24,Chesterfield,Millicent Milligan,"Large Latte - 2.45, Regular Latte - 2.15",4.6,CARD,2735990910185775
01/09/2021 11:26,Chesterfield,Elizabeth Kestle,Large Flavoured latte - Hazelnut - 2.85,2.85,CARD,9606543315763866
01/09/2021 11:29,Chesterfield,Winifred Smith,Regular Flat white - 2.15,2.15,CASH,
01/09/2021 11:32,Chesterfield,Margaret Kemppainen,Large Flavoured iced latte - Hazelnut - 3.25,3.25,CARD,1329100053373493
01/09/2021 11:34,Chesterfield,Christine Giguere,"Regular Flavoured iced latte - Vanilla - 2.75, Large Flat white - 2.45",5.2,CARD,7934730359758039
01/09/2021 11:37,Chesterfield,Cecil Schall,"Large Flavoured iced latte - Hazelnut - 3.25, Regular Flavoured iced latte - Hazelnut - 2.75, Regular Flavoured iced latte - Vanilla - 2.75, Regular Flavoured latte - Hazelnut - 2.55, Large Flavoured iced latte - Vanilla - 3.25",14.55,CARD,5454530781158222
01/09/2021 11:39,Chesterfield,Katie Johnson,"Large Latte - 2.45, Regular Flat white - 2.15, Large Flavoured iced latte - Hazelnut - 3.25, Large Flavoured iced latte - Vanilla - 3.25",11.1,CARD,9670702349975960
01/09/2021 11:42,Chesterfield,Randy Read,"Large Flavoured latte - Hazelnut - 2.85, Regular Flavoured iced latte - Vanilla - 2.75, Regular Flavoured iced latte - Hazelnut - 2.75",8.35,CASH,
01/09/2021 11:45,Chesterfield,Shirley Webster,"Regular Flavoured iced latte - Caramel - 2.75, Large Flavoured iced latte - Hazelnut - 3.25, Regular Flavoured iced latte - Hazelnut - 2.75",8.75,CASH,
01/09/2021 11:47,Chesterfield,Felice Jenkins,Regular Flavoured iced latte - Hazelnut - 2.75,2.75,CARD,5005604146739647
01/09/2021 11:50,Chesterfield,Audrey Vowell,"Large Latte - 2.45, Regular Latte - 2.15, Large Latte - 2.45",7.05,CARD,6294377528815888
01/09/2021 11:52,Chesterfield,Weston Wells,"Large Flavoured latte - Hazelnut - 2.85, Regular Flavoured iced latte - Caramel - 2.75, Large Flavoured iced latte - Vanilla - 3.25, Regular Flat white - 2.15, Regular Flavoured latte - Hazelnut - 2.55",13.55,CARD,8620695064308883
01/09/2021 11:55,Chesterfield,Grady Dye,"Large Flavoured latte - Hazelnut - 2.85, Regular Flavoured latte - Hazelnut - 2.55",5.4,CARD,7221663233496711
01/09/2021 11:58,Chesterfield,Samuel Reed,"Large Latte - 2.45, Large Flat white - 2.45",4.9,CASH,
01/09/2021 12:00,Chesterfield,William Leavens,"Regular Flavoured iced latte - Hazelnut - 2.75, Regular Flavoured iced latte - Vanilla - 2.75, Large Flat white - 2.45, Regular Flavoured iced latte - Vanilla - 2.75",10.7,CARD,3369181151184047
01/09/2021 12:05,Chesterfield,Elwood Simmons,"Regular Flavoured iced latte - Hazelnut - 2.75, Regular Flavoured iced latte - Hazelnut - 2.75, Regular Flavoured iced latte - Hazelnut - 2.75, Large Flavoured latte - Hazelnut - 2.85",11.1,CARD,3773012841498343
01/09/2021 12:09,Chesterfield,Marcia Heller,"Large Flavoured iced latte - Hazelnut - 3.25, Large Latte - 2.45",5.7,CARD,4862560902236272
01/09/2021 12:14,Chesterfield,Joe Thalls,Large Flavoured latte - Hazelnut - 2.85,2.85,CARD,5603945561403427
01/09/2021 12:19,Chesterfield,John Loftis,"Large Flavoured iced latte - Caramel - 3.25, Large Flavoured iced latte - Vanilla - 3.25",6.5,CARD,7501012489483697
01/09/2021 12:23,Chesterfield,Donald Roth,"Large Latte - 2.45, Regular Flat white - 2.15",4.6,CARD,2061913112677125
01/09/2021 12:28,Chesterfield,Lindsey Wilson,"Large Flat white - 2.45, Regular Flavoured latte - Hazelnut - 2.55, Regular Flat white - 2.15",7.15,CARD,4610596680608839
01/09/2021 12:32,Chesterfield,Jon Olsen,"Regular Flavoured iced latte - Hazelnut - 2.75, Regular Flavoured iced latte - Vanilla - 2.75, Large Flavoured latte - Hazelnut - 2.85, Large Flat white - 2.45, Regular Flavoured iced latte - Hazelnut - 2.75, Large Flat white - 2.45",16.0,CARD,2130696582765387
01/09/2021 12:37,Chesterfield,Amy Fashaw,"Regular Flat white - 2.15, Large Latte - 2.45",4.6,CARD,1449444238927407
01/09/2021 12:42,Chesterfield,Mary Peralta,Regular Flat white - 2.15,2.15,CARD,7985447988827349
01/09/2021 12:46,Chesterfield,Rebecca Pitts,Large Flavoured iced latte - Hazelnut - 3.25,3.25,CARD,2630116937194235
01/09/2021 12:51,Chesterfield,Richard Dennis,Large Flat white - 2.45,2.45,CARD,5330546050444555
01/09/2021 12:55,Chesterfield,Micaela Hostetler,Large Flavoured iced latte - Hazelnut - 3.25,3.25,CARD,5102197779327925
01/09/2021 13:00,Chesterfield,David Delaney,Regular Flavoured iced latte - Hazelnut - 2.75,2.75,CARD,7146115951053317
01/09/2021 13:02,Chesterfield,Maria Coates,"Regular Flat white - 2.15, Regular Flavoured latte - Hazelnut - 2.55, Large Flavoured iced latte - Hazelnut - 3.25",7.95,CARD,1243309306868707
01/09/2021 13:04,Chesterfield,Jeannine Dupre,Regular Flat white - 2.15,2.15,CARD,6529429042451485
01/09/2021 13:06,Chesterfield,Francina Byerly,"Large Flavoured latte - Hazelnut - 2.85, Regular Flat white - 2.15, Large Flavoured iced latte - Hazelnut - 3.25, Regular Flavoured iced latte - Vanilla - 2.75, Large Flavoured iced latte - Vanilla - 3.25",14.25,CARD,2503473051727102
01/09/2021 13:08,Chesterfield,Sylvia Brown,"Regular Flavoured iced latte - Vanilla - 2.75, Large Flavoured iced latte - Hazelnut - 3.25, Regular Flavoured iced latte - Caramel - 2.75",8.75,CASH,
01/09/2021 13:10,Chesterfield,Roger Garner,"Large Flavoured iced latte - Vanilla - 3.25, Large Flavoured latte - Hazelnut - 2.85, Regular Latte - 2.15, Regular Flavoured iced latte - Hazelnut - 2.75, Large Flavoured latte - Hazelnut - 2.85, Regular Flavoured iced latte - Hazelnut - 2.75",16.6,CARD,4798931227951720
01/09/2021 13:12,Chesterfield,Kathryn Yanez,Regular Flavoured iced latte - Caramel - 2.75,2.75,CARD,3213314416404549
01/09/2021 13:15,Chesterfield,Tricia Alger,"Regular Flavoured iced latte - Vanilla - 2.75, Regular Flavoured latte - Hazelnut - 2.55, Large Flavoured iced latte - Caramel - 3.25",8.55,CASH,
01/09/2021 13:17,Chesterfield,Leroy Martin,"Large Latte - 2.45, Large Flavoured latte - Hazelnut - 2.85, Large Flavoured latte - Hazelnut - 2.85, Large Flavoured iced latte - Vanilla - 3.25",11.4,CARD,4323582008345459
01/09/2021 13:19,Chesterfield,Kelsey Davidson,Regular Flavoured iced latte - Hazelnut - 2.75,2.75,CARD,1838197516587297
01/09/2021 13:21,Chesterfield,Kelley Hughes,"Regular Flat white - 2.15, Large Flavoured iced latte - Hazelnut - 3.25",5.4,CARD,8985375462785070
01/09/2021 13:23,Chesterfield,Dion Vitale,"Large Flat white - 2.45, Large Flavoured iced latte - Vanilla - 3.25",5.7,CARD,8932652831366916
01/09/2021 13:25,Chesterfield,Donnie Killian,"Large Latte - 2.45, Large Flavoured iced latte - Hazelnut - 3.25, Regular Flavoured iced latte - Vanilla - 2.75",8.45,CARD,5326005117790437
01/09/2021 13:27,Chesterfield,Marvin Cordova,"Large Latte - 2.45, Regular Flat white - 2.15, Regular Latte - 2.15, Regular Latte - 2.15",8.9,CASH,
01/09/2021 13:29,Chesterfield,Michael Stainback,Regular Flavoured iced latte - Hazelnut - 2.75,2.75,CASH,
01/09/2021 13:31,Chesterfield,Olga Bender,"Regular Flavoured iced latte - Caramel - 2.75, Regular Flavoured iced latte - Hazelnut - 2.75, Large Flavoured iced latte - Vanilla - 3.25",8.75,CARD,2254511145128733
01/09/2021 13:33,Chesterfield,George Phillips,Regular Flat white - 2.15,2.15,CARD,5117882994862915
01/09/2021 13:35,Chesterfield,Ann Macpherson,"Large Flavoured latte - Hazelnut - 2.85, Regular Flavoured iced latte - Caramel - 2.75, Regular Flavoured latte - Hazelnut - 2.55",8.15,CARD,4470753953127390
01/09/2021 13:37,Chesterfield,Melissa Graves,"Regular Flavoured iced latte - Vanilla - 2.75, Large Flavoured iced latte - Caramel - 3.25, Regular Flavoured iced latte - Caramel - 2.75",8.75,CARD,9812522670112869
01/09/2021 13:39,Chesterfield,Pedro Wilson,"Large Flavoured latte - Hazelnut - 2.85, Large Flat white - 2.45",5.3,CARD,3947548174580774
01/09/2021 13:41,Chesterfield,Tyrone Box,"Large Flavoured iced latte - Caramel - 3.25, Regular Flavoured iced latte - Hazelnut - 2.75, Regular Flavoured iced latte - Caramel - 2.75",8.75,CARD,8944517856747311
01/09/2021 13:43,Chesterfield,Terry Dardar,"Regular Flat white - 2.15, Regular Flavoured iced latte - Vanilla - 2.75, Regular Flat white - 2.15",7.05,CASH,
01/09/2021 13:46,Chesterfield,David Chaves,"Large Latte - 2.45, Large Flavoured iced latte - Hazelnut - 3.25, Regular Flat white - 2.15",7.85,CARD,4225942024492743
01/09/2021 13:48,Chesterfield,Bonnie Murrell,"Large Flavoured iced latte - Caramel - 3.25, Large Flavoured iced latte - Hazelnut - 3.25",6.5,CASH,
01/09/2021 13:50,Chesterfield,Jennifer Makin,"Regular Flat white - 2.15, Large Flavoured iced latte - Vanilla - 3.25, Regular Flavoured iced latte - Caramel - 2.75, Large Flat white - 2.45, Large Flavoured iced latte - Hazelnut - 3.25, Large Flavoured iced latte - Caramel - 3.25",17.1,CASH,
01/09/2021 13:52,Chesterfield,Thomas Alonzo,"Large Latte - 2.45, Regular Flavoured latte - Hazelnut - 2.55",5.0,CARD,9066594175962966
01/09/2021 13:54,Chesterfield,Maria Dyer,"Regular Flat white - 2.15, Regular Flavoured iced latte - Vanilla - 2.75",4.9,CASH,
01/09/2021 13:56,Chesterfield,Donald Geis,"Large Flavoured iced latte - Caramel - 3.25, Large Flavoured latte - Hazelnut - 2.85, Large Flavoured iced latte - Hazelnut - 3.25, Large Flavoured latte - Hazelnut - 2.85",12.2,CASH,
01/09/2021 13:58,Chesterfield,Steven Bisson,Large Flavoured iced latte - Caramel - 3.25,3.25,CASH,
01/09/2021 14:00,Chesterfield,Stephanie Leech,"Large Flavoured iced latte - Hazelnut - 3.25, Large Flavoured iced latte - Vanilla - 3.25",6.5,CARD,1253387291548619
01/09/2021 14:01,Chesterfield,David Oetzel,"Regular Flavoured latte - Hazelnut - 2.55, Large Flavoured latte - Hazelnut - 2.85",5.4,CARD,2838532557058078
01/09/2021 14:03,Chesterfield,Sharon Sampson,"Regular Flavoured iced latte - Vanilla - 2.75, Large Flavoured iced latte - Caramel - 3.25, Large Flat white - 2.45, Regular Flavoured iced latte - Caramel - 2.75",11.2,CARD,2111882262277461
01/09/2021 14:04,Chesterfield,Richard Daniel,"Large Flavoured iced latte - Vanilla - 3.25, Regular Flavoured latte - Hazelnut - 2.55, Regular Flavoured iced latte - Caramel - 2.75, Regular Latte - 2.15",10.7,CASH,
01/09/2021 14:05,Chesterfield,Harvey Carter,"Large Flavoured latte - Hazelnut - 2.85, Regular Flavoured iced latte - Vanilla - 2.75, Regular Flavoured iced latte - Vanilla - 2.75, Regular Flavoured iced latte - Caramel - 2.75, Large Flavoured iced latte - Caramel - 3.25",14.35,CASH,
01/09/2021 14:06,Chesterfield,Martin Fowler,Large Flavoured iced latte - Hazelnut - 3.25,3.25,CASH,
01/09/2021 14:08,Chesterfield,Maria Mcgonigle,"Large Flavoured iced latte - Caramel - 3.25, Regular Flavoured iced latte - Caramel - 2.75, Regular Flavoured iced latte - Hazelnut - 2.75",8.75,CARD,6706690004027676
01/09/2021 14:09,Chesterfield,Victoria Ressler,Large Flavoured iced latte - Vanilla - 3.25,3.25,CARD,7273639406306207
01/09/2021 14:10,Chesterfield,Anthony Cerullo,"Large Flavoured latte - Hazelnut - 2.85, Regular Flavoured latte - Hazelnut - 2.55",5.4,CARD,3164881789578836
01/09/2021 14:11,Chesterfield,Elizabeth Greene,"Regular Flavoured iced latte - Vanilla - 2.75, Regular Flavoured latte - Hazelnut - 2.55, Regular Flavoured iced latte - Caramel - 2.75",8.05,CARD,5187842800501424
01/09/2021 14:13,Chesterfield,Megan Barger,Large Latte - 2.45,2.45,CARD,6829887777897216
01/09/2021 14:14,Chesterfield,Marilyn Collins,"Regular Flavoured iced latte - Vanilla - 2.75, Regular Flat white - 2.15, Regular Flat white - 2.15",7.05,CARD,3016275172020748
01/09/2021 14:15,Chesterfield,Virginia Schweinsberg,"Regular Flavoured iced latte - Hazelnut - 2.75, Large Flavoured iced latte - Vanilla - 3.25, Regular Flavoured latte - Hazelnut - 2.55, Regular Flat white - 2.15",10.7,CARD,6140932166736629
01/09/2021 14:16,Chesterfield,Lillian Frey,"Regular Flavoured latte - Hazelnut - 2.55, Regular Flat white - 2.15",4.7,CARD,6885994028011529
01/09/2021 14:18,Chesterfield,Annette Sanders,Regular Flavoured latte - Hazelnut - 2.55,2.55,CARD,6843458580865771
01/09/2021 14:19,Chesterfield,Ruth Vascocu,"Large Flavoured latte - Hazelnut - 2.85, Regular Latte - 2.15, Large Flavoured iced latte - Caramel - 3.25",8.25,CARD,4425509278544265
01/09/2021 14:20,Chesterfield,Todd Coleman,"Large Flat white - 2.45, Large Flavoured iced latte - Vanilla - 3.25, Regular Flat white - 2.15, Regular Flavoured iced latte - Vanilla - 2.75",10.6,CARD,7526727262879334
01/09/2021 14:22,Chesterfield,Jordan Swink,"Regular Flavoured iced latte - Hazelnut - 2.75, Regular Flat white - 2.15, Regular Flavoured iced latte - Caramel - 2.75",7.65,CARD,1780523534040964
01/09/2021 14:23,Chesterfield,Wayne Ramirez,"Large Flavoured latte - Hazelnut - 2.85, Large Flat white - 2.45, Regular Flavoured iced latte - Hazelnut - 2.75",8.05,CARD,4499768033989065
01/09/2021 14:24,Chesterfield,Anita Polhemus,"Regular Latte - 2.15, Regular Flavoured iced latte - Hazelnut - 2.75, Regular Flavoured iced latte - Hazelnut - 2.75, Large Flavoured iced latte - Caramel - 3.25, Large Flavoured iced latte - Hazelnut - 3.25",14.15,CASH,
01/09/2021 14:25,Chesterfield,Robert Johnson,"Regular Latte - 2.15, Large Flat white - 2.45",4.6,CASH,
01/09/2021 14:27,Chesterfield,Pamela Gardiner,"Large Flavoured iced latte - Hazelnut - 3.25, Regular Flat white - 2.15, Large Flavoured iced latte - Hazelnut - 3.25, Regular Flavoured latte - Hazelnut - 2.55",11.2,CARD,4796936265207895
01/09/2021 14:28,Chesterfield,Connie Correla,"Regular Flavoured iced latte - Vanilla - 2.75, Regular Flavoured iced latte - Hazelnut - 2.75, Large Flavoured iced latte - Hazelnut - 3.25",8.75,CASH,
01/09/2021 14:29,Chesterfield,Silvia Sepe,"Large Flavoured iced latte - Caramel - 3.25, Regular Flavoured iced latte - Vanilla - 2.75",6.0,CARD,5909927075916592
01/09/2021 14:30,Chesterfield,Lisa Armendarez,Regular Flavoured latte - Hazelnut - 2.55,2.55,CARD,2950141675557155
01/09/2021 14:32,Chesterfield,Charles Allen,"Regular Flavoured iced latte - Hazelnut - 2.75, Large Flavoured iced latte - Vanilla - 3.25",6.0,CARD,7144223294647200
01/09/2021 14:33,Chesterfield,Stephen Barnett,"Regular Flavoured latte - Hazelnut - 2.55, Large Flavoured latte - Hazelnut - 2.85, Large Flavoured iced latte - Caramel - 3.25",8.65,CASH,
01/09/2021 14:34,Chesterfield,William Jacobs,"Large Flavoured iced latte - Vanilla - 3.25, Regular Latte - 2.15",5.4,CARD,8664906476747112
01/09/2021 14:35,Chesterfield,Barbara Gardner,Large Flavoured latte - Hazelnut - 2.85,2.85,CASH,
01/09/2021 14:37,Chesterfield,Christy Marmo,Regular Flavoured iced latte - Vanilla - 2.75,2.75,CARD,7351916115830557
01/09/2021 14:38,Chesterfield,Georgia Carmichael,"Regular Flat white - 2.15, Large Latte - 2.45",4.6,CARD,2447090612233417
01/09/2021 14:39,Chesterfield,Jana Corliss,"Large Flavoured iced latte - Hazelnut - 3.25, Regular Flavoured iced latte - Caramel - 2.75, Regular Flavoured iced latte - Caramel - 2.75",8.75,CARD,9999169254673345
01/09/2021 14:41,Chesterfield,Regina Badgett,Large Flat white - 2.45,2.45,CARD,1531030693949630
01/09/2021 14:42,Chesterfield,Howard Hernandez,"Regular Flavoured iced latte - Hazelnut - 2.75, Large Flat white - 2.45",5.2,CASH,
01/09/2021 14:43,Chesterfield,Gary Orouke,Large Latte - 2.45,2.45,CASH,
01/09/2021 14:44,Chesterfield,Jacqualine Hurwitz,"Large Flavoured latte - Hazelnut - 2.85, Large Flat white - 2.45, Large Flavoured iced latte - Vanilla - 3.25",8.55,CASH,
01/09/2021 14:46,Chesterfield,Irene Conkel,"Large Latte - 2.45, Large Flavoured iced latte - Hazelnut - 3.25",5.7,CARD,1150321304283688
01/09/2021 14:47,Chesterfield,Johnny Jobe,"Regular Flavoured latte - Hazelnut - 2.55, Regular Flavoured iced latte - Vanilla - 2.75, Large Flavoured iced latte - Vanilla - 3.25, Large Flavoured iced latte - Vanilla - 3.25, Regular Flavoured latte - Hazelnut - 2.55",14.35,CARD,3445283412893970
01/09/2021 14:48,Chesterfield,Ernestine Smith,"Large Flat white - 2.45, Regular Flavoured latte - Hazelnut - 2.55, Regular Flat white - 2.15",7.15,CARD,3976903089751359
01/09/2021 14:49,Chesterfield,Glenna Mcguinness,Regular Flat white - 2.15,2.15,CARD,4977641848846897
01/09/2021 14:51,Chesterfield,Elida Rush,"Regular Flavoured iced latte - Hazelnut - 2.75, Large Latte - 2.45, Regular Flavoured latte - Hazelnut - 2.55",7.75,CASH,
01/09/2021 14:52,Chesterfield,Derek Elkin,"Large Flavoured latte - Hazelnut - 2.85, Large Flavoured latte - Hazelnut - 2.85, Regular Flavoured iced latte - Vanilla - 2.75",8.45,CASH,
01/09/2021 14:53,Chesterfield,John Verduzco,"Large Latte - 2.45, Large Flavoured iced latte - Hazelnut - 3.25, Large Flavoured iced latte - Hazelnut - 3.25, Regular Flavoured iced latte - Caramel - 2.75, Large Flavoured iced latte - Hazelnut - 3.25, Large Flavoured iced latte - Caramel - 3.25",18.2,CARD,7989257350738392
01/09/2021 14:54,Chesterfield,Kecia English,"Large Latte - 2.45, Large Flat white - 2.45, Regular Flat white - 2.15, Regular Flavoured latte - Hazelnut - 2.55, Large Flat white - 2.45",12.05,CARD,1805264177136076
01/09/2021 14:56,Chesterfield,Elsie Mccullough,"Regular Latte - 2.15, Regular Flavoured iced latte - Caramel - 2.75, Large Flavoured iced latte - Caramel - 3.25",8.15,CARD,8851315007904733
01/09/2021 14:57,Chesterfield,Thomas Odonnell,"Large Flat white - 2.45, Large Flat white - 2.45",4.9,CARD,7878891366670579
01/09/2021 14:58,Chesterfield,Peter Khachatoorian,Regular Flat white - 2.15,2.15,CARD,4509626322589249
01/09/2021 15:00,Chesterfield,Robert Quinn,"Regular Flat white - 2.15, Large Flavoured iced latte - Hazelnut - 3.25",5.4,CARD,9025147889914717
01/09/2021 15:01,Chesterfield,Thomas Cooke,"Regular Flat white - 2.15, Regular Flavoured iced latte - Hazelnut - 2.75",4.9,CASH,
01/09/2021 15:02,Chesterfield,Saul Dalton,"Large Flavoured iced latte - Vanilla - 3.25, Regular Flat white - 2.15, Large Flat white - 2.45, Regular Flavoured iced latte - Caramel - 2.75",10.6,CARD,1084317516549195
01/09/2021 15:03,Chesterfield,Jerry Bailey,"Large Flavoured iced latte - Caramel - 3.25, Large Flavoured iced latte - Hazelnut - 3.25, Large Latte - 2.45, Regular Flavoured latte - Hazelnut - 2.55",11.5,CARD,6770778240180975
01/09/2021 15:05,Chesterfield,Timothy Gilley,"Large Flat white - 2.45, Regular Latte - 2.15",4.6,CASH,
01/09/2021 15:06,Chesterfield,Ricky Simon,Large Flavoured iced latte - Vanilla - 3.25,3.25,CASH,
01/09/2021 15:07,Chesterfield,Harold Oshell,"Large Flavoured iced latte - Hazelnut - 3.25, Large Latte - 2.45",5.7,CASH,
01/09/2021 15:08,Chesterfield,Linda Lewis,Large Flavoured iced latte - Hazelnut - 3.25,3.25,CASH,
01/09/2021 15:10,Chesterfield,Timothy Huskins,"Regular Latte - 2.15, Large Flavoured latte - Hazelnut - 2.85, Large Latte - 2.45, Regular Latte - 2.15, Regular Flavoured latte - Hazelnut - 2.55",12.15,CARD,6256386644042945
01/09/2021 15:11,Chesterfield,Jennifer Nelson,"Large Latte - 2.45, Regular Flat white - 2.15",4.6,CARD,5487335022429746
01/09/2021 15:12,Chesterfield,Wanda Smith,Large Flavoured latte - Hazelnut - 2.85,2.85,CARD,2108150814608333
01/09/2021 15:13,Chesterfield,Jason Sansone,"Large Flavoured iced latte - Vanilla - 3.25, Regular Flavoured latte - Hazelnut - 2.55, Regular Latte - 2.15, Regular Flavoured iced latte - Hazelnut - 2.75",10.7,CARD,2807691660912307
01/09/2021 15:15,Chesterfield,Connie Schmidt,"Regular Flavoured iced latte - Vanilla - 2.75, Regular Flavoured iced latte - Caramel - 2.75, Regular Flavoured iced latte - Hazelnut - 2.75, Regular Flavoured iced latte - Caramel - 2.75, Large Flavoured iced latte - Caramel - 3.25",14.25,CARD,4767342254286656
01/09/2021 15:16,Chesterfield,Leroy Brown,"Large Flavoured iced latte - Caramel - 3.25, Regular Latte - 2.15, Regular Flavoured iced latte - Hazelnut - 2.75, Regular Flavoured latte - Hazelnut - 2.55",10.7,CASH,
01/09/2021 15:17,Chesterfield,Ann Kelley,"Regular Flat white - 2.15, Regular Latte - 2.15, Large Flat white - 2.45, Regular Flavoured latte - Hazelnut - 2.55",9.3,CASH,
01/09/2021 15:18,Chesterfield,James Brice,Regular Flavoured iced latte - Vanilla - 2.75,2.75,CARD,5878553789530567
01/09/2021 15:20,Chesterfield,Felicia Dantzler,"Large Flavoured iced latte - Hazelnut - 3.25, Large Flat white - 2.45, Large Flavoured iced latte - Hazelnut - 3.25, Regular Flavoured latte - Hazelnut - 2.55, Regular Flavoured latte - Hazelnut - 2.55",14.05,CASH,
01/09/2021 15:21,Chesterfield,Alan Schwartz,"Regular Flavoured latte - Hazelnut - 2.55, Large Flavoured iced latte - Vanilla - 3.25, Regular Flavoured iced latte - Vanilla - 2.75",8.55,CASH,
01/09/2021 15:22,Chesterfield,James Schmidt,"Regular Flavoured iced latte - Hazelnut - 2.75, Large Flavoured latte - Hazelnut - 2.85, Large Flavoured latte - Hazelnut - 2.85",8.45,CARD,6392608785580069
01/09/2021 15:23,Chesterfield,Johnnie Baker,"Large Flavoured iced latte - Hazelnut - 3.25, Large Flavoured iced latte - Hazelnut - 3.25",6.5,CASH,
01/09/2021 15:25,Chesterfield,Ella Montoya,"Large Latte - 2.45, Large Flavoured iced latte - Vanilla - 3.25",5.7,CARD,7992195921991351
01/09/2021 15:26,Chesterfield,Ernest Mason,Regular Flat white - 2.15,2.15,CARD,3496133203562964
01/09/2021 15:27,Chesterfield,Ethel Basquez,"Large Latte - 2.45, Regular Latte - 2.15, Regular Flavoured iced latte - Hazelnut - 2.75, Regular Flavoured iced latte - Caramel - 2.75",10.1,CARD,6440658946398755
01/09/2021 15:28,Chesterfield,Carl Lopez,"Large Flavoured iced latte - Hazelnut - 3.25, Regular Flavoured iced latte - Vanilla - 2.75, Regular Latte - 2.15",8.15,CARD,4720545007845828
01/09/2021 15:30,Chesterfield,Lisa Debo,"Large Flavoured iced latte - Vanilla - 3.25, Large Flavoured iced latte - Vanilla - 3.25, Regular Flavoured iced latte - Vanilla - 2.75, Regular Flavoured latte - Hazelnut - 2.55, Regular Flavoured iced latte - Vanilla - 2.75",14.55,CARD,3433773206582590
01/09/2021 15:31,Chesterfield,George Mccray,"Regular Flavoured iced latte - Vanilla - 2.75, Regular Flavoured iced latte - Vanilla - 2.75, Large Latte - 2.45",7.95,CARD,4605565856245006
01/09/2021 15:32,Chesterfield,Margaret Shultis,"Regular Flavoured iced latte - Vanilla - 2.75, Large Flavoured iced latte - Hazelnut - 3.25, Regular Flat white - 2.15, Regular Flat white - 2.15",10.3,CARD,9670488382725130
01/09/2021 15:33,Chesterfield,Willard Goldbeck,"Regular Flat white - 2.15, Regular Flavoured latte - Hazelnut - 2.55, Large Flavoured iced latte - Caramel - 3.25",7.95,CASH,
01/09/2021 15:35,Chesterfield,Teresa Kaczorowski,"Regular Flavoured latte - Hazelnut - 2.55, Regular Flavoured latte - Hazelnut - 2.55, Regular Flavoured iced latte - Hazelnut - 2.75, Large Flavoured iced latte - Hazelnut - 3.25",11.1,CARD,2471208804662147
01/09/2021 15:36,Chesterfield,Nellie Cousins,"Regular Latte - 2.15, Large Flavoured iced latte - Vanilla - 3.25",5.4,CARD,5191353468466475
01/09/2021 15:37,Chesterfield,Jerry Williams,"Regular Flavoured iced latte - Vanilla - 2.75, Regular Flavoured iced latte - Caramel - 2.75, Large Flavoured latte - Hazelnut - 2.85, Regular Flavoured latte - Hazelnut - 2.55, Large Flavoured iced latte - Vanilla - 3.25, Large Latte - 2.45",16.6,CARD,8325792995463768
01/09/2021 15:38,Chesterfield,Naomi Wilson,"Regular Latte - 2.15, Regular Latte - 2.15, Large Latte - 2.45",6.75,CARD,9683231192748223
01/09/2021 15:40,Chesterfield,Charles Stobie,Large Flavoured iced latte - Vanilla - 3.25,3.25,CARD,5606067714150450
01/09/2021 15:41,Chesterfield,Helen Whitley,"Large Latte - 2.45, Regular Flat white - 2.15, Regular Flavoured iced latte - Caramel - 2.75",7.35,CASH,
01/09/2021 15:42,Chesterfield,Latoya Sisson,Regular Flavoured iced latte - Caramel - 2.75,2.75,CASH,
01/09/2021 15:43,Chesterfield,Dorothy Neidig,"Large Flavoured iced latte - Caramel - 3.25, Regular Flat white - 2.15, Regular Flavoured iced latte - Caramel - 2.75",8.15,CASH,
01/09/2021 15:45,Chesterfield,Pauline Robertson,"Regular Flavoured iced latte - Hazelnut - 2.75, Regular Flat white - 2.15",4.9,CASH,
01/09/2021 15:46,Chesterfield,Dorothy Diaz,"Large Flavoured latte - Hazelnut - 2.85, Large Flavoured iced latte - Hazelnut - 3.25",6.1,CARD,5254496563555875
01/09/2021 15:47,Chesterfield,Thomas Blaize,"Large Flavoured latte - Hazelnut - 2.85, Large Flavoured iced latte - Vanilla - 3.25",6.1,CARD,1468264950669105
01/09/2021 15:48,Chesterfield,James Schwenk,"Regular Flavoured iced latte - Caramel - 2.75, Regular Flavoured iced latte - Caramel - 2.75, Regular Flavoured iced latte - Caramel - 2.75, Large Flavoured latte - Hazelnut - 2.85",11.1,CARD,9855743010609818
01/09/2021 15:50,Chesterfield,Maureen Katz,"Regular Latte - 2.15, Large Flavoured latte - Hazelnut - 2.85",5.0,CARD,9913439972203897
01/09/2021 15:51,Chesterfield,Donald Gregg,"Regular Latte - 2.15, Regular Flavoured iced latte - Hazelnut - 2.75",4.9,CARD,6996148098187680
01/09/2021 15:52,Chesterfield,Todd Kochheiser,"Regular Flavoured iced latte - Hazelnut - 2.75, Large Latte - 2.45, Regular Flavoured iced latte - Vanilla - 2.75, Regular Flat white - 2.15",10.1,CARD,9357205889083135
01/09/2021 15:53,Chesterfield,Timothy Blaydes,"Large Flavoured latte - Hazelnut - 2.85, Large Latte - 2.45, Large Flavoured iced latte - Vanilla - 3.25",8.55,CASH,
01/09/2021 15:55,Chesterfield,Tim Bulle,"Large Flavoured iced latte - Hazelnut - 3.25, Regular Flavoured latte - Hazelnut - 2.55, Large Flavoured latte - Hazelnut - 2.85, Regular Flat white - 2.15, Large Flavoured iced latte - Hazelnut - 3.25, Regular Latte - 2.15",16.2,CARD,9071822953535435
01/09/2021 15:56,Chesterfield,Janina Peterson,"Large Latte - 2.45, Regular Latte - 2.15",4.6,CASH,
01/09/2021 15:57,Chesterfield,Helen Allgood,Regular Flavoured iced latte - Vanilla - 2.75,2.75,CASH,
01/09/2021 15:58,Chesterfield,Milford Brodi,"Large Latte - 2.45, Large Flavoured latte - Hazelnut - 2.85, Regular Flavoured iced latte - Caramel - 2.75, Regular Flat white - 2.15",10.2,CARD,2518296296409114
01/09/2021 16:00,Chesterfield,April Downs,"Large Flavoured iced latte - Caramel - 3.25, Regular Flavoured iced latte - Hazelnut - 2.75, Regular Latte - 2.15",8.15,CARD,6929041127789657
01/09/2021 16:03,Chesterfield,Grace Snell,"Regular Flat white - 2.15, Large Flat white - 2.45, Regular Flavoured iced latte - Vanilla - 2.75",7.35,CASH,
01/09/2021 16:07,Chesterfield,Stan Wegener,"Regular Flavoured iced latte - Vanilla - 2.75, Regular Flavoured iced latte - Caramel - 2.75, Regular Flavoured iced latte - Caramel - 2.75, Large Flat white - 2.45, Regular Latte - 2.15",12.85,CARD,2921295799800101
01/09/2021 16:10,Chesterfield,John Sullivan,"Large Flat white - 2.45, Large Flat white - 2.45",4.9,CASH,
01/09/2021 16:14,Chesterfield,Lindsey Chan,Regular Flat white - 2.15,2.15,CARD,2064512988419144
01/09/2021 16:17,Chesterfield,Jesse Allen,"Large Latte - 2.45, Regular Flat white - 2.15, Large Flavoured iced latte - Vanilla - 3.25, Regular Flavoured iced latte - Hazelnut - 2.75",10.6,CASH,
01/09/2021 16:21,Chesterfield,Joan Comstock,"Large Latte - 2.45, Large Latte - 2.45",4.9,CASH,
01/09/2021 16:24,Chesterfield,Dixie Graig,"Regular Flat white - 2.15, Regular Latte - 2.15",4.3,CARD,7635842944445784
01/09/2021 16:28,Chesterfield,Mei Mangrum,Large Flavoured iced latte - Hazelnut - 3.25,3.25,CARD,1585992770830581
01/09/2021 16:31,Chesterfield,Cindy Hildreth,Regular Flavoured iced latte - Hazelnut - 2.75,2.75,CARD,2991366386043629
01/09/2021 16:35,Chesterfield,Pedro Pouncey,"Regular Flat white - 2.15, Regular Latte - 2.15",4.3,CARD,7222570570354654
01/09/2021 16:38,Chesterfield,Kenneth Longmore,"Large Flavoured latte - Hazelnut - 2.85, Regular Flavoured iced latte - Caramel - 2.75",5.6,CARD,2410988272059563
01/09/2021 16:42,Chesterfield,Richard Hilton,Regular Flavoured latte - Hazelnut - 2.55,2.55,CARD,3649859804688703
01/09/2021 16:45,Chesterfield,Victor Lawson,"Large Flavoured latte - Hazelnut - 2.85, Regular Flat white - 2.15, Large Flavoured iced latte - Vanilla - 3.25, Regular Flavoured iced latte - Hazelnut - 2.75",11.0,CASH,
01/09/2021 16:49,Chesterfield,Jeannie Volk,"Regular Latte - 2.15, Regular Flat white - 2.15",4.3,CARD,2040743708976083
01/09/2021 16:52,Chesterfield,Margaret Reid,"Large Flat white - 2.45, Regular Flavoured iced latte - Caramel - 2.75, Large Flat white - 2.45, Large Flavoured iced latte - Vanilla - 3.25, Large Flavoured iced latte - Vanilla - 3.25",14.15,CARD,6483080147374306
01/09/2021 16:56,Chesterfield,Tina Pioske,"Large Flavoured latte - Hazelnut - 2.85, Large Flavoured iced latte - Vanilla - 3.25, Regular Flavoured iced latte - Hazelnut - 2.75",8.85,CARD,5596093716046818
01/09/2021 16:59,Chesterfield,Richard Puryear,"Large Flavoured iced latte - Caramel - 3.25, Regular Flavoured iced latte - Caramel - 2.75, Regular Flavoured latte - Hazelnut - 2.55, Regular Flavoured latte - Hazelnut - 2.55, Large Flavoured iced latte - Hazelnut - 3.25",14.35,CARD,7831944372258293
